AppID,Files,Types,Paths
220,1,lua,220.lua
320,1,lua,320.lua
340,1,lua,340.lua
380,1,lua,380.lua
420,1,lua,420.lua
440,1,lua,440.lua
550,1,lua,550.lua
570,1,lua,570.lua
730,1,lua,730.lua
4000,1,lua,4000.lua
8930,1,lua,8930.lua
12210,1,lua,12210.lua
12220,1,lua,12220.lua
17300,1,lua,17300.lua
17330,1,lua,17330.lua
22380,1,lua,22380.lua
33930,1,lua,33930.lua
72850,1,lua,72850.lua
105600,1,lua,105600.lua
107410,1,lua,107410.lua
108800,1,lua,108800.lua
203770,1,lua,203770.lua
211820,1,lua,211820.lua
227300,1,lua,227300.lua
230410,1,lua,230410.lua
233250,1,lua,233250.lua
236850,1,lua,236850.lua
239140,1,lua,239140.lua
242760,1,lua,242760.lua
244850,1,lua,244850.lua
251570,1,lua,251570.lua
252490,1,lua,252490.lua
252950,1,lua,252950.lua
255710,1,lua,255710.lua
270880,1,lua,270880.lua
271590,1,lua,271590.lua
281990,1,lua,281990.lua
289070,1,lua,289070.lua
294100,1,lua,294100.lua
304930,1,lua,304930.lua
322330,1,lua,322330.lua
346110,1,lua,346110.lua
359550,1,lua,359550.lua
362890,1,lua,362890.lua
367520,1,lua,367520.lua
377160,1,lua,377160.lua
394360,1,lua,394360.lua
413150,1,lua,413150.lua
431960,1,lua,431960.lua
489830,1,lua,489830.lua
513710,1,lua,513710.lua
578080,1,lua,578080.lua
588650,1,lua,588650.lua
629730,1,lua,629730.lua
739630,1,lua,739630.lua
774361,1,lua,774361.lua
823500,1,lua,823500.lua
975370,1,lua,975370.lua
1145360,1,lua,1145360.lua
1158310,1,lua,1158310.lua
1172470,1,lua,1172470.lua
1222680,1,lua,1222680.lua
1240440,1,lua,1240440.lua
1332010,1,lua,1332010.lua
1426210,1,lua,1426210.lua
